9-10_num,9-10_plong,9-10_pslong,9-10_max,9-10_avg,10-11_num,10-11_plong,10-11_pslong,10-11_max,10-11_avg,11-12_num,11-12_plong,11-12_pslong,11-12_max,11-12_avg,12-13_num,12-13_plong,12-13_pslong,12-13_max,12-13_avg,13-14_num,13-14_plong,13-14_pslong,13-14_max,13-14_avg,14-15_num,14-15_plong,14-15_pslong,14-15_max,14-15_avg,15-16_num,15-16_plong,15-16_pslong,15-16_max,15-16_avg,16-17_num,16-17_plong,16-17_pslong,16-17_max,16-17_avg,17-18_num,17-18_plong,17-18_pslong,17-18_max,17-18_avg,18-19_num,18-19_plong,18-19_pslong,18-19_max,18-19_avg,19-20_num,19-20_plong,19-20_pslong,19-20_max,19-20_avg
79,63.29113924050633,6.329113924050633,12.42393,2.336404810126582,11,0.0,0.0,0.95849,0.5942236363636364,4,50.0,0.0,6.49256,2.3677,10,30.0,0.0,7.13539,1.676917,27,33.33333333333333,11.11111111111111,7.3932400000000005,1.434478148148148,0,0,0,0,0,53,16.9811320754717,7.547169811320755,5.5382,0.7963762264150942,7,14.285714285714285,14.285714285714285,2.26643,0.6397128571428572,33,18.181818181818183,6.0606060606060606,3.96754,0.7931909090909091,84,23.809523809523807,8.333333333333332,2.87755,0.7222613095238094,70,28.57142857142857,15.714285714285714,1.81162,0.7491687142857143
