9-10_num,9-10_plong,9-10_pslong,9-10_max,9-10_avg,10-11_num,10-11_plong,10-11_pslong,10-11_max,10-11_avg,11-12_num,11-12_plong,11-12_pslong,11-12_max,11-12_avg,12-13_num,12-13_plong,12-13_pslong,12-13_max,12-13_avg,13-14_num,13-14_plong,13-14_pslong,13-14_max,13-14_avg,14-15_num,14-15_plong,14-15_pslong,14-15_max,14-15_avg,15-16_num,15-16_plong,15-16_pslong,15-16_max,15-16_avg,16-17_num,16-17_plong,16-17_pslong,16-17_max,16-17_avg,17-18_num,17-18_plong,17-18_pslong,17-18_max,17-18_avg,18-19_num,18-19_plong,18-19_pslong,18-19_max,18-19_avg,19-20_num,19-20_plong,19-20_pslong,19-20_max,19-20_avg
81,64.19753086419753,6.172839506172839,12.42006,2.334976419753086,11,0.0,0.0,0.9584099999999999,0.5939545454545454,4,75.0,0.0,6.57134,2.416615,10,30.0,0.0,7.13424,1.676358,27,33.33333333333333,11.11111111111111,7.433280000000001,1.434042962962963,0,0,0,0,0,53,16.9811320754717,7.547169811320755,5.5382,0.795581886792453,7,14.285714285714285,14.285714285714285,2.2663200000000003,0.6396342857142858,30,10.0,3.3333333333333335,3.96694,0.6568209999999998,86,25.581395348837212,9.30232558139535,2.87522,0.7684331395348838,71,28.169014084507044,15.492957746478872,1.8103,0.747305915492958
