9-10_num,9-10_plong,9-10_pslong,9-10_max,9-10_avg,10-11_num,10-11_plong,10-11_pslong,10-11_max,10-11_avg,11-12_num,11-12_plong,11-12_pslong,11-12_max,11-12_avg,12-13_num,12-13_plong,12-13_pslong,12-13_max,12-13_avg,13-14_num,13-14_plong,13-14_pslong,13-14_max,13-14_avg,14-15_num,14-15_plong,14-15_pslong,14-15_max,14-15_avg,15-16_num,15-16_plong,15-16_pslong,15-16_max,15-16_avg,16-17_num,16-17_plong,16-17_pslong,16-17_max,16-17_avg,17-18_num,17-18_plong,17-18_pslong,17-18_max,17-18_avg,18-19_num,18-19_plong,18-19_pslong,18-19_max,18-19_avg,19-20_num,19-20_plong,19-20_pslong,19-20_max,19-20_avg
78,33.33333333333333,10.256410256410255,12.40436,2.3196766666666675,12,0.0,0.0,1.49673,0.6933241666666667,4,25.0,0.0,6.49409,2.3692349999999998,10,20.0,0.0,7.13463,1.6758000000000002,26,23.076923076923077,15.384615384615385,7.4344,1.4857861538461536,1,0.0,0.0,0.78988,0.78988,49,10.204081632653061,8.16326530612245,5.53689,0.8375563265306122,7,14.285714285714285,14.285714285714285,2.26961,0.6398314285714285,31,3.225806451612903,0.0,3.99089,0.68104,82,7.317073170731707,4.878048780487805,2.86473,0.7413697560975611,70,1.4285714285714286,1.4285714285714286,2.1433,0.7965087142857142
