9-10_num,9-10_plong,9-10_pslong,9-10_max,9-10_avg,10-11_num,10-11_plong,10-11_pslong,10-11_max,10-11_avg,11-12_num,11-12_plong,11-12_pslong,11-12_max,11-12_avg,12-13_num,12-13_plong,12-13_pslong,12-13_max,12-13_avg,13-14_num,13-14_plong,13-14_pslong,13-14_max,13-14_avg,14-15_num,14-15_plong,14-15_pslong,14-15_max,14-15_avg,15-16_num,15-16_plong,15-16_pslong,15-16_max,15-16_avg,16-17_num,16-17_plong,16-17_pslong,16-17_max,16-17_avg,17-18_num,17-18_plong,17-18_pslong,17-18_max,17-18_avg,18-19_num,18-19_plong,18-19_pslong,18-19_max,18-19_avg,19-20_num,19-20_plong,19-20_pslong,19-20_max,19-20_avg
76,63.1578947368421,6.578947368421052,12.40426,2.249823947368421,12,16.666666666666664,0.0,1.48764,0.6913966666666665,4,50.0,0.0,6.49409,2.3692575,10,30.0,0.0,7.13592,1.6760110000000001,26,38.46153846153847,15.384615384615385,7.3957999999999995,1.4839857692307699,1,0.0,0.0,0.78988,0.78988,49,20.408163265306122,12.244897959183673,5.53688,0.8385848979591833,7,14.285714285714285,14.285714285714285,2.2696199999999997,0.6399285714285714,31,16.129032258064516,9.67741935483871,3.9913,0.6806612903225806,84,22.61904761904762,7.142857142857142,2.86866,0.7493536904761905,68,33.82352941176471,20.588235294117645,2.13484,0.7954279411764703
