9-10_num,9-10_plong,9-10_pslong,9-10_max,9-10_avg,10-11_num,10-11_plong,10-11_pslong,10-11_max,10-11_avg,11-12_num,11-12_plong,11-12_pslong,11-12_max,11-12_avg,12-13_num,12-13_plong,12-13_pslong,12-13_max,12-13_avg,13-14_num,13-14_plong,13-14_pslong,13-14_max,13-14_avg,14-15_num,14-15_plong,14-15_pslong,14-15_max,14-15_avg,15-16_num,15-16_plong,15-16_pslong,15-16_max,15-16_avg,16-17_num,16-17_plong,16-17_pslong,16-17_max,16-17_avg,17-18_num,17-18_plong,17-18_pslong,17-18_max,17-18_avg,18-19_num,18-19_plong,18-19_pslong,18-19_max,18-19_avg,19-20_num,19-20_plong,19-20_pslong,19-20_max,19-20_avg
79,34.177215189873415,10.126582278481013,12.404879999999999,2.403852658227847,12,0.0,0.0,1.49683,0.6932349999999999,4,25.0,0.0,6.4941699999999996,2.3692849999999996,10,20.0,0.0,7.13468,1.675766,26,23.076923076923077,15.384615384615385,7.43441,1.485856538461538,1,0.0,0.0,0.78995,0.78995,49,10.204081632653061,8.16326530612245,5.53703,0.8379010204081634,7,14.285714285714285,14.285714285714285,2.2696199999999997,0.6398400000000001,31,3.225806451612903,0.0,3.9924299999999997,0.6788232258064515,82,7.317073170731707,4.878048780487805,2.8648099999999994,0.7417474390243901,70,1.4285714285714286,1.4285714285714286,2.14335,0.7977981428571428
