9-10_num,9-10_plong,9-10_pslong,9-10_max,9-10_avg,10-11_num,10-11_plong,10-11_pslong,10-11_max,10-11_avg,11-12_num,11-12_plong,11-12_pslong,11-12_max,11-12_avg,12-13_num,12-13_plong,12-13_pslong,12-13_max,12-13_avg,13-14_num,13-14_plong,13-14_pslong,13-14_max,13-14_avg,14-15_num,14-15_plong,14-15_pslong,14-15_max,14-15_avg,15-16_num,15-16_plong,15-16_pslong,15-16_max,15-16_avg,16-17_num,16-17_plong,16-17_pslong,16-17_max,16-17_avg,17-18_num,17-18_plong,17-18_pslong,17-18_max,17-18_avg,18-19_num,18-19_plong,18-19_pslong,18-19_max,18-19_avg,19-20_num,19-20_plong,19-20_pslong,19-20_max,19-20_avg
78,64.1025641025641,6.41025641025641,12.40426,2.3967599999999996,12,16.666666666666664,0.0,1.49661,0.6932816666666666,4,50.0,0.0,6.494009999999999,2.3691999999999998,10,30.0,0.0,7.13582,1.6759729999999997,26,38.46153846153847,15.384615384615385,7.395670000000001,1.4841196153846155,1,0.0,0.0,0.78981,0.78981,49,20.408163265306122,12.244897959183673,5.53677,0.8385708163265303,7,14.285714285714285,14.285714285714285,2.26959,0.6398242857142857,31,16.129032258064516,9.67741935483871,3.9725,0.6794845161290324,84,22.61904761904762,7.142857142857142,2.86976,0.7491294047619049,68,33.82352941176471,20.588235294117645,2.13395,0.7960366176470588
