9-10_num,9-10_plong,9-10_pslong,9-10_max,9-10_avg,10-11_num,10-11_plong,10-11_pslong,10-11_max,10-11_avg,11-12_num,11-12_plong,11-12_pslong,11-12_max,11-12_avg,12-13_num,12-13_plong,12-13_pslong,12-13_max,12-13_avg,13-14_num,13-14_plong,13-14_pslong,13-14_max,13-14_avg,14-15_num,14-15_plong,14-15_pslong,14-15_max,14-15_avg,15-16_num,15-16_plong,15-16_pslong,15-16_max,15-16_avg,16-17_num,16-17_plong,16-17_pslong,16-17_max,16-17_avg,17-18_num,17-18_plong,17-18_pslong,17-18_max,17-18_avg,18-19_num,18-19_plong,18-19_pslong,18-19_max,18-19_avg,19-20_num,19-20_plong,19-20_pslong,19-20_max,19-20_avg
78,33.33333333333333,10.256410256410255,12.404910000000001,2.320554871794872,12,0.0,0.0,1.48813,0.691985,4,25.0,0.0,6.4944,2.3694349999999997,10,20.0,0.0,7.13485,1.675705,26,23.076923076923077,15.384615384615385,7.43439,1.4859057692307696,1,0.0,0.0,0.79014,0.79014,49,10.204081632653061,8.16326530612245,5.53744,0.8377177551020408,7,14.285714285714285,14.285714285714285,2.2696799999999997,0.6398628571428571,30,3.3333333333333335,0.0,3.99209,0.6661703333333334,83,7.228915662650602,4.819277108433735,2.86482,0.7464791566265059,70,1.4285714285714286,1.4285714285714286,2.14352,0.796647285714286
