9-10_num,9-10_plong,9-10_pslong,9-10_max,9-10_avg,10-11_num,10-11_plong,10-11_pslong,10-11_max,10-11_avg,11-12_num,11-12_plong,11-12_pslong,11-12_max,11-12_avg,12-13_num,12-13_plong,12-13_pslong,12-13_max,12-13_avg,13-14_num,13-14_plong,13-14_pslong,13-14_max,13-14_avg,14-15_num,14-15_plong,14-15_pslong,14-15_max,14-15_avg,15-16_num,15-16_plong,15-16_pslong,15-16_max,15-16_avg,16-17_num,16-17_plong,16-17_pslong,16-17_max,16-17_avg,17-18_num,17-18_plong,17-18_pslong,17-18_max,17-18_avg,18-19_num,18-19_plong,18-19_pslong,18-19_max,18-19_avg,19-20_num,19-20_plong,19-20_pslong,19-20_max,19-20_avg
77,32.467532467532465,10.38961038961039,12.19892,2.379162467532468,11,0.0,0.0,0.9595400000000001,0.5860381818181817,4,25.0,0.0,6.59051,2.41649,11,18.181818181818183,0.0,7.10257,1.635400909090909,26,23.076923076923077,15.384615384615385,7.4347,1.4463469230769233,0,0,0,0,0,51,9.803921568627452,7.8431372549019605,5.53867,0.8081739215686276,7,14.285714285714285,14.285714285714285,2.26796,0.639842857142857,33,6.0606060606060606,0.0,3.98864,0.7647636363636363,82,6.097560975609756,4.878048780487805,2.87329,0.6894691463414634,70,1.4285714285714286,1.4285714285714286,2.05686,0.7829948571428569
