9-10_num,9-10_plong,9-10_pslong,9-10_max,9-10_avg,10-11_num,10-11_plong,10-11_pslong,10-11_max,10-11_avg,11-12_num,11-12_plong,11-12_pslong,11-12_max,11-12_avg,12-13_num,12-13_plong,12-13_pslong,12-13_max,12-13_avg,13-14_num,13-14_plong,13-14_pslong,13-14_max,13-14_avg,14-15_num,14-15_plong,14-15_pslong,14-15_max,14-15_avg,15-16_num,15-16_plong,15-16_pslong,15-16_max,15-16_avg,16-17_num,16-17_plong,16-17_pslong,16-17_max,16-17_avg,17-18_num,17-18_plong,17-18_pslong,17-18_max,17-18_avg,18-19_num,18-19_plong,18-19_pslong,18-19_max,18-19_avg,19-20_num,19-20_plong,19-20_pslong,19-20_max,19-20_avg
78,64.1025641025641,7.6923076923076925,12.196439999999999,2.3488561538461536,11,0.0,0.0,0.95882,0.5855163636363635,4,50.0,0.0,6.493580000000001,2.3686925,11,36.36363636363637,0.0,7.10274,1.6362036363636363,26,34.61538461538461,11.538461538461538,7.39494,1.4462303846153852,0,0,0,0,0,52,19.230769230769234,11.538461538461538,5.52801,0.7987811538461537,7,14.285714285714285,14.285714285714285,2.26705,0.6396328571428571,33,21.21212121212121,9.090909090909092,3.9905700000000004,0.7646366666666666,84,23.809523809523807,7.142857142857142,2.8765499999999995,0.6996963095238096,69,30.434782608695656,15.942028985507244,2.05768,0.771260579710145
