9-10_num,9-10_plong,9-10_pslong,9-10_max,9-10_avg,10-11_num,10-11_plong,10-11_pslong,10-11_max,10-11_avg,11-12_num,11-12_plong,11-12_pslong,11-12_max,11-12_avg,12-13_num,12-13_plong,12-13_pslong,12-13_max,12-13_avg,13-14_num,13-14_plong,13-14_pslong,13-14_max,13-14_avg,14-15_num,14-15_plong,14-15_pslong,14-15_max,14-15_avg,15-16_num,15-16_plong,15-16_pslong,15-16_max,15-16_avg,16-17_num,16-17_plong,16-17_pslong,16-17_max,16-17_avg,17-18_num,17-18_plong,17-18_pslong,17-18_max,17-18_avg,18-19_num,18-19_plong,18-19_pslong,18-19_max,18-19_avg,19-20_num,19-20_plong,19-20_pslong,19-20_max,19-20_avg
78,32.05128205128205,10.256410256410255,12.19761,2.344910641025641,11,0.0,0.0,0.95936,0.5860727272727273,4,25.0,0.0,6.590660000000001,2.41657,11,18.181818181818183,0.0,7.10256,1.6355854545454547,26,23.076923076923077,15.384615384615385,7.434640000000001,1.4465153846153846,0,0,0,0,0,52,9.615384615384617,7.6923076923076925,5.53866,0.7980076923076921,7,14.285714285714285,14.285714285714285,2.26795,0.63981,32,6.25,0.0,3.98918,0.7532778125,83,6.024096385542169,4.819277108433735,2.87329,0.6950538554216867,71,1.4084507042253522,1.4084507042253522,2.0571200000000003,0.7764054929577465
