9-10_num,9-10_plong,9-10_pslong,9-10_max,9-10_avg,10-11_num,10-11_plong,10-11_pslong,10-11_max,10-11_avg,11-12_num,11-12_plong,11-12_pslong,11-12_max,11-12_avg,12-13_num,12-13_plong,12-13_pslong,12-13_max,12-13_avg,13-14_num,13-14_plong,13-14_pslong,13-14_max,13-14_avg,14-15_num,14-15_plong,14-15_pslong,14-15_max,14-15_avg,15-16_num,15-16_plong,15-16_pslong,15-16_max,15-16_avg,16-17_num,16-17_plong,16-17_pslong,16-17_max,16-17_avg,17-18_num,17-18_plong,17-18_pslong,17-18_max,17-18_avg,18-19_num,18-19_plong,18-19_pslong,18-19_max,18-19_avg,19-20_num,19-20_plong,19-20_pslong,19-20_max,19-20_avg
76,59.210526315789465,5.263157894736842,12.661380000000001,2.315366052631579,11,0.0,0.0,0.96005,0.5768054545454545,5,60.0,0.0,6.21926,2.546456,10,30.0,0.0,7.14212,1.6791240000000003,27,33.33333333333333,11.11111111111111,7.2897300000000005,1.4308481481481483,1,0.0,0.0,0.79234,0.79234,50,18.0,8.0,5.54193,0.8327342,7,14.285714285714285,14.285714285714285,2.26927,0.6400285714285714,32,18.75,9.375,3.97135,0.7589509375000001,87,25.287356321839084,6.896551724137931,2.8715200000000003,0.7341047126436782,70,30.0,17.142857142857142,1.99627,0.7670332857142853
