9-10_num,9-10_plong,9-10_pslong,9-10_max,9-10_avg,10-11_num,10-11_plong,10-11_pslong,10-11_max,10-11_avg,11-12_num,11-12_plong,11-12_pslong,11-12_max,11-12_avg,12-13_num,12-13_plong,12-13_pslong,12-13_max,12-13_avg,13-14_num,13-14_plong,13-14_pslong,13-14_max,13-14_avg,14-15_num,14-15_plong,14-15_pslong,14-15_max,14-15_avg,15-16_num,15-16_plong,15-16_pslong,15-16_max,15-16_avg,16-17_num,16-17_plong,16-17_pslong,16-17_max,16-17_avg,17-18_num,17-18_plong,17-18_pslong,17-18_max,17-18_avg,18-19_num,18-19_plong,18-19_pslong,18-19_max,18-19_avg,19-20_num,19-20_plong,19-20_pslong,19-20_max,19-20_avg
78,34.61538461538461,11.538461538461538,12.55337,2.3816167948717943,11,0.0,0.0,0.96023,0.5765645454545455,5,40.0,0.0,6.21789,2.5458179999999997,10,20.0,0.0,7.13839,1.6784050000000001,27,22.22222222222222,14.814814814814813,7.28973,1.4295700000000002,1,0.0,0.0,0.79235,0.79235,50,12.0,6.0,5.54195,0.8308704000000001,7,14.285714285714285,14.285714285714285,2.2692300000000003,0.6401971428571429,31,6.451612903225806,3.225806451612903,3.98076,0.7478822580645162,87,5.747126436781609,4.597701149425287,2.8684700000000003,0.719084367816092,71,1.4084507042253522,1.4084507042253522,2.20324,0.7851616901408448
