9-10_num,9-10_plong,9-10_pslong,9-10_max,9-10_avg,10-11_num,10-11_plong,10-11_pslong,10-11_max,10-11_avg,11-12_num,11-12_plong,11-12_pslong,11-12_max,11-12_avg,12-13_num,12-13_plong,12-13_pslong,12-13_max,12-13_avg,13-14_num,13-14_plong,13-14_pslong,13-14_max,13-14_avg,14-15_num,14-15_plong,14-15_pslong,14-15_max,14-15_avg,15-16_num,15-16_plong,15-16_pslong,15-16_max,15-16_avg,16-17_num,16-17_plong,16-17_pslong,16-17_max,16-17_avg,17-18_num,17-18_plong,17-18_pslong,17-18_max,17-18_avg,18-19_num,18-19_plong,18-19_pslong,18-19_max,18-19_avg,19-20_num,19-20_plong,19-20_pslong,19-20_max,19-20_avg
75,36.0,13.333333333333334,12.46149,2.479047466666666,12,0.0,0.0,1.49757,0.7066291666666666,4,25.0,0.0,6.59317,2.41926,10,20.0,0.0,7.13955,1.6798220000000001,27,22.22222222222222,14.814814814814813,7.43727,1.4378370370370368,0,0,0,0,0,50,10.0,8.0,5.547359999999999,0.8440308000000001,7,14.285714285714285,14.285714285714285,2.2701900000000004,0.6420514285714286,34,11.76470588235294,5.88235294117647,3.99909,0.8451282352941176,80,6.25,5.0,3.1497199999999994,0.682342375,74,1.3513513513513513,1.3513513513513513,2.04583,0.786779189189189
