9-10_num,9-10_plong,9-10_pslong,9-10_max,9-10_avg,10-11_num,10-11_plong,10-11_pslong,10-11_max,10-11_avg,11-12_num,11-12_plong,11-12_pslong,11-12_max,11-12_avg,12-13_num,12-13_plong,12-13_pslong,12-13_max,12-13_avg,13-14_num,13-14_plong,13-14_pslong,13-14_max,13-14_avg,14-15_num,14-15_plong,14-15_pslong,14-15_max,14-15_avg,15-16_num,15-16_plong,15-16_pslong,15-16_max,15-16_avg,16-17_num,16-17_plong,16-17_pslong,16-17_max,16-17_avg,17-18_num,17-18_plong,17-18_pslong,17-18_max,17-18_avg,18-19_num,18-19_plong,18-19_pslong,18-19_max,18-19_avg,19-20_num,19-20_plong,19-20_pslong,19-20_max,19-20_avg
75,64.0,4.0,12.50367,2.489991733333333,12,16.666666666666664,0.0,1.49653,0.7063191666666667,4,50.0,0.0,6.49971,2.372425,10,30.0,0.0,7.14361,1.6818259999999998,27,33.33333333333333,11.11111111111111,7.409210000000001,1.4380781481481482,0,0,0,0,0,50,20.0,12.0,5.54631,0.8455092000000001,7,14.285714285714285,14.285714285714285,2.2697700000000003,0.6417285714285715,34,20.588235294117645,5.88235294117647,3.9985099999999996,0.8440770588235295,81,20.98765432098765,8.641975308641975,3.14956,0.6871706172839502,73,31.506849315068493,15.068493150684931,2.0461,0.789884109589041
