9-10_num,9-10_plong,9-10_pslong,9-10_max,9-10_avg,10-11_num,10-11_plong,10-11_pslong,10-11_max,10-11_avg,11-12_num,11-12_plong,11-12_pslong,11-12_max,11-12_avg,12-13_num,12-13_plong,12-13_pslong,12-13_max,12-13_avg,13-14_num,13-14_plong,13-14_pslong,13-14_max,13-14_avg,14-15_num,14-15_plong,14-15_pslong,14-15_max,14-15_avg,15-16_num,15-16_plong,15-16_pslong,15-16_max,15-16_avg,16-17_num,16-17_plong,16-17_pslong,16-17_max,16-17_avg,17-18_num,17-18_plong,17-18_pslong,17-18_max,17-18_avg,18-19_num,18-19_plong,18-19_pslong,18-19_max,18-19_avg,19-20_num,19-20_plong,19-20_pslong,19-20_max,19-20_avg
78,33.33333333333333,10.256410256410255,12.404349999999999,2.320183461538461,12,0.0,0.0,1.48752,0.6912775,4,25.0,0.0,6.49402,2.3691875,10,20.0,0.0,7.13446,1.675679,26,23.076923076923077,15.384615384615385,7.43452,1.4858096153846154,1,0.0,0.0,0.78982,0.78982,49,10.204081632653061,8.16326530612245,5.536779999999999,0.8375322448979592,7,14.285714285714285,14.285714285714285,2.26961,0.6398042857142857,31,3.225806451612903,0.0,3.99055,0.6810883870967742,82,7.317073170731707,4.878048780487805,2.86486,0.7413862195121954,70,1.4285714285714286,1.4285714285714286,2.14325,0.7965261428571427
