9-10_num,9-10_plong,9-10_pslong,9-10_max,9-10_avg,10-11_num,10-11_plong,10-11_pslong,10-11_max,10-11_avg,11-12_num,11-12_plong,11-12_pslong,11-12_max,11-12_avg,12-13_num,12-13_plong,12-13_pslong,12-13_max,12-13_avg,13-14_num,13-14_plong,13-14_pslong,13-14_max,13-14_avg,14-15_num,14-15_plong,14-15_pslong,14-15_max,14-15_avg,15-16_num,15-16_plong,15-16_pslong,15-16_max,15-16_avg,16-17_num,16-17_plong,16-17_pslong,16-17_max,16-17_avg,17-18_num,17-18_plong,17-18_pslong,17-18_max,17-18_avg,18-19_num,18-19_plong,18-19_pslong,18-19_max,18-19_avg,19-20_num,19-20_plong,19-20_pslong,19-20_max,19-20_avg
77,63.63636363636363,6.493506493506493,12.40424,2.310496363636363,12,16.666666666666664,0.0,1.48752,0.6912641666666666,4,50.0,0.0,6.49402,2.3691999999999998,10,30.0,0.0,7.13582,1.6759780000000002,26,38.46153846153847,15.384615384615385,7.3956800000000005,1.4839534615384617,1,0.0,0.0,0.78982,0.78982,49,20.408163265306122,12.244897959183673,5.53679,0.8384236734693876,7,14.285714285714285,14.285714285714285,2.26959,0.6399128571428571,31,16.129032258064516,9.67741935483871,3.9913499999999997,0.6808093548387097,84,22.61904761904762,7.142857142857142,2.8686599999999998,0.7492173809523809,68,33.82352941176471,20.588235294117645,2.13453,0.7951748529411766
