9-10_num,9-10_plong,9-10_pslong,9-10_max,9-10_avg,10-11_num,10-11_plong,10-11_pslong,10-11_max,10-11_avg,11-12_num,11-12_plong,11-12_pslong,11-12_max,11-12_avg,12-13_num,12-13_plong,12-13_pslong,12-13_max,12-13_avg,13-14_num,13-14_plong,13-14_pslong,13-14_max,13-14_avg,14-15_num,14-15_plong,14-15_pslong,14-15_max,14-15_avg,15-16_num,15-16_plong,15-16_pslong,15-16_max,15-16_avg,16-17_num,16-17_plong,16-17_pslong,16-17_max,16-17_avg,17-18_num,17-18_plong,17-18_pslong,17-18_max,17-18_avg,18-19_num,18-19_plong,18-19_pslong,18-19_max,18-19_avg,19-20_num,19-20_plong,19-20_pslong,19-20_max,19-20_avg
78,64.1025641025641,6.41025641025641,12.40499,2.3205782051282053,12,16.666666666666664,0.0,1.49696,0.6934666666666667,4,50.0,0.0,6.4944,2.3693424999999997,10,30.0,0.0,7.13511,1.6759049999999998,26,38.46153846153847,15.384615384615385,7.43439,1.485895384615385,1,0.0,0.0,0.79014,0.79014,49,20.408163265306122,12.244897959183673,5.5374300000000005,0.8377220408163264,7,14.285714285714285,14.285714285714285,2.2696799999999997,0.6398385714285714,30,13.333333333333334,6.666666666666667,3.9921,0.6659316666666667,83,22.89156626506024,8.433734939759036,2.8648400000000005,0.7463973493975905,70,31.428571428571427,18.571428571428573,2.14352,0.7966488571428572
