9-10_num,9-10_plong,9-10_pslong,9-10_max,9-10_avg,10-11_num,10-11_plong,10-11_pslong,10-11_max,10-11_avg,11-12_num,11-12_plong,11-12_pslong,11-12_max,11-12_avg,12-13_num,12-13_plong,12-13_pslong,12-13_max,12-13_avg,13-14_num,13-14_plong,13-14_pslong,13-14_max,13-14_avg,14-15_num,14-15_plong,14-15_pslong,14-15_max,14-15_avg,15-16_num,15-16_plong,15-16_pslong,15-16_max,15-16_avg,16-17_num,16-17_plong,16-17_pslong,16-17_max,16-17_avg,17-18_num,17-18_plong,17-18_pslong,17-18_max,17-18_avg,18-19_num,18-19_plong,18-19_pslong,18-19_max,18-19_avg,19-20_num,19-20_plong,19-20_pslong,19-20_max,19-20_avg
76,63.1578947368421,6.578947368421052,12.40494,2.2496756578947372,12,16.666666666666664,0.0,1.48813,0.6914833333333333,4,50.0,0.0,6.4944,2.3694475,10,30.0,0.0,7.13677,1.6762229999999998,26,38.46153846153847,15.384615384615385,7.400259999999999,1.4847334615384615,1,0.0,0.0,0.79014,0.79014,49,20.408163265306122,12.244897959183673,5.5374300000000005,0.8385699999999999,7,14.285714285714285,14.285714285714285,2.2696799999999997,0.6398385714285714,31,16.129032258064516,9.67741935483871,3.9919900000000004,0.6806645161290321,84,22.61904761904762,7.142857142857142,2.8688,0.7496625,68,33.82352941176471,20.588235294117645,2.13521,0.7956144117647059
