9-10_num,9-10_plong,9-10_pslong,9-10_max,9-10_avg,10-11_num,10-11_plong,10-11_pslong,10-11_max,10-11_avg,11-12_num,11-12_plong,11-12_pslong,11-12_max,11-12_avg,12-13_num,12-13_plong,12-13_pslong,12-13_max,12-13_avg,13-14_num,13-14_plong,13-14_pslong,13-14_max,13-14_avg,14-15_num,14-15_plong,14-15_pslong,14-15_max,14-15_avg,15-16_num,15-16_plong,15-16_pslong,15-16_max,15-16_avg,16-17_num,16-17_plong,16-17_pslong,16-17_max,16-17_avg,17-18_num,17-18_plong,17-18_pslong,17-18_max,17-18_avg,18-19_num,18-19_plong,18-19_pslong,18-19_max,18-19_avg,19-20_num,19-20_plong,19-20_pslong,19-20_max,19-20_avg
78,33.33333333333333,10.256410256410255,12.40499,2.3205782051282053,12,0.0,0.0,1.49696,0.6934666666666667,4,25.0,0.0,6.4944,2.3693424999999997,10,20.0,0.0,7.13511,1.6759049999999998,26,23.076923076923077,15.384615384615385,7.43439,1.485895384615385,1,0.0,0.0,0.79014,0.79014,49,10.204081632653061,8.16326530612245,5.5374300000000005,0.8377220408163264,7,14.285714285714285,14.285714285714285,2.2696799999999997,0.6398385714285714,30,3.3333333333333335,0.0,3.9921,0.6659316666666667,83,7.228915662650602,4.819277108433735,2.8648400000000005,0.7463973493975905,70,1.4285714285714286,1.4285714285714286,2.14352,0.7966488571428572
