9-10_num,9-10_plong,9-10_pslong,9-10_max,9-10_avg,10-11_num,10-11_plong,10-11_pslong,10-11_max,10-11_avg,11-12_num,11-12_plong,11-12_pslong,11-12_max,11-12_avg,12-13_num,12-13_plong,12-13_pslong,12-13_max,12-13_avg,13-14_num,13-14_plong,13-14_pslong,13-14_max,13-14_avg,14-15_num,14-15_plong,14-15_pslong,14-15_max,14-15_avg,15-16_num,15-16_plong,15-16_pslong,15-16_max,15-16_avg,16-17_num,16-17_plong,16-17_pslong,16-17_max,16-17_avg,17-18_num,17-18_plong,17-18_pslong,17-18_max,17-18_avg,18-19_num,18-19_plong,18-19_pslong,18-19_max,18-19_avg,19-20_num,19-20_plong,19-20_pslong,19-20_max,19-20_avg
77,32.467532467532465,12.987012987012985,12.15,2.31493064935065,11,0.0,0.0,0.95747,0.5770209090909091,5,40.0,0.0,6.15,2.643634,10,20.0,0.0,7.13307,1.6742529999999998,26,23.076923076923077,15.384615384615385,7.431780000000001,1.464792307692308,0,0,0,0,0,48,10.416666666666668,8.333333333333332,5.5197,0.8400441666666665,7,14.285714285714285,14.285714285714285,2.2648099999999998,0.6391128571428571,32,9.375,6.25,3.9919999999999995,0.7935321874999999,82,8.536585365853659,6.097560975609756,2.86695,0.6819992682926831,71,1.4084507042253522,1.4084507042253522,2.05144,0.7367929577464788
