9-10_num,9-10_plong,9-10_pslong,9-10_max,9-10_avg,10-11_num,10-11_plong,10-11_pslong,10-11_max,10-11_avg,11-12_num,11-12_plong,11-12_pslong,11-12_max,11-12_avg,12-13_num,12-13_plong,12-13_pslong,12-13_max,12-13_avg,13-14_num,13-14_plong,13-14_pslong,13-14_max,13-14_avg,14-15_num,14-15_plong,14-15_pslong,14-15_max,14-15_avg,15-16_num,15-16_plong,15-16_pslong,15-16_max,15-16_avg,16-17_num,16-17_plong,16-17_pslong,16-17_max,16-17_avg,17-18_num,17-18_plong,17-18_pslong,17-18_max,17-18_avg,18-19_num,18-19_plong,18-19_pslong,18-19_max,18-19_avg,19-20_num,19-20_plong,19-20_pslong,19-20_max,19-20_avg
74,60.810810810810814,5.405405405405405,12.15,2.0946098648648652,11,0.0,0.0,0.95736,0.5761863636363637,5,60.0,0.0,6.15,2.629318,10,30.0,0.0,7.13709,1.6750589999999999,26,34.61538461538461,11.538461538461538,7.38901,1.4636169230769231,0,0,0,0,0,48,18.75,10.416666666666668,5.522480000000001,0.8410641666666665,7,14.285714285714285,14.285714285714285,2.2647,0.6392342857142859,32,18.75,6.25,3.99179,0.7918346875,83,20.481927710843372,7.228915662650602,2.86808,0.685880722891566,70,30.0,14.285714285714285,2.0518899999999998,0.7381112857142856
