9-10_num,9-10_plong,9-10_pslong,9-10_max,9-10_avg,10-11_num,10-11_plong,10-11_pslong,10-11_max,10-11_avg,11-12_num,11-12_plong,11-12_pslong,11-12_max,11-12_avg,12-13_num,12-13_plong,12-13_pslong,12-13_max,12-13_avg,13-14_num,13-14_plong,13-14_pslong,13-14_max,13-14_avg,14-15_num,14-15_plong,14-15_pslong,14-15_max,14-15_avg,15-16_num,15-16_plong,15-16_pslong,15-16_max,15-16_avg,16-17_num,16-17_plong,16-17_pslong,16-17_max,16-17_avg,17-18_num,17-18_plong,17-18_pslong,17-18_max,17-18_avg,18-19_num,18-19_plong,18-19_pslong,18-19_max,18-19_avg,19-20_num,19-20_plong,19-20_pslong,19-20_max,19-20_avg
80,32.5,10.0,12.44397,2.366583875,11,0.0,0.0,0.9588400000000001,0.5870700000000001,5,40.0,0.0,6.20141,2.5486580000000005,12,25.0,8.333333333333332,7.13422,1.7656133333333335,25,20.0,12.0,7.433999999999999,1.4323367999999999,0,0,0,0,0,50,10.0,8.0,5.53844,0.8152716,7,14.285714285714285,14.285714285714285,2.26699,0.6398242857142857,33,9.090909090909092,3.0303030303030303,3.9832799999999997,0.795009090909091,80,6.25,5.0,2.8776299999999995,0.6965523749999998,72,0.0,0.0,1.92028,0.7775563888888888
