9-10_num,9-10_plong,9-10_pslong,9-10_max,9-10_avg,10-11_num,10-11_plong,10-11_pslong,10-11_max,10-11_avg,11-12_num,11-12_plong,11-12_pslong,11-12_max,11-12_avg,12-13_num,12-13_plong,12-13_pslong,12-13_max,12-13_avg,13-14_num,13-14_plong,13-14_pslong,13-14_max,13-14_avg,14-15_num,14-15_plong,14-15_pslong,14-15_max,14-15_avg,15-16_num,15-16_plong,15-16_pslong,15-16_max,15-16_avg,16-17_num,16-17_plong,16-17_pslong,16-17_max,16-17_avg,17-18_num,17-18_plong,17-18_pslong,17-18_max,17-18_avg,18-19_num,18-19_plong,18-19_pslong,18-19_max,18-19_avg,19-20_num,19-20_plong,19-20_pslong,19-20_max,19-20_avg
80,63.74999999999999,7.5,12.470799999999999,2.3727336249999995,11,0.0,0.0,0.9590200000000001,0.5872518181818182,5,60.0,0.0,6.21818,2.5472799999999998,12,41.66666666666667,8.333333333333332,7.13574,1.7660666666666665,25,32.0,8.0,7.39522,1.4326348000000004,0,0,0,0,0,50,18.0,10.0,5.53635,0.8170714000000001,7,14.285714285714285,14.285714285714285,2.26728,0.6398657142857144,32,15.625,3.125,3.98379,0.7934009375000001,83,24.096385542168676,8.433734939759036,2.88039,0.7080154216867469,70,32.857142857142854,18.571428571428573,1.9203499999999998,0.7717695714285714
