9-10_num,9-10_plong,9-10_pslong,9-10_max,9-10_avg,10-11_num,10-11_plong,10-11_pslong,10-11_max,10-11_avg,11-12_num,11-12_plong,11-12_pslong,11-12_max,11-12_avg,12-13_num,12-13_plong,12-13_pslong,12-13_max,12-13_avg,13-14_num,13-14_plong,13-14_pslong,13-14_max,13-14_avg,14-15_num,14-15_plong,14-15_pslong,14-15_max,14-15_avg,15-16_num,15-16_plong,15-16_pslong,15-16_max,15-16_avg,16-17_num,16-17_plong,16-17_pslong,16-17_max,16-17_avg,17-18_num,17-18_plong,17-18_pslong,17-18_max,17-18_avg,18-19_num,18-19_plong,18-19_pslong,18-19_max,18-19_avg,19-20_num,19-20_plong,19-20_pslong,19-20_max,19-20_avg
79,32.91139240506329,10.126582278481013,12.40488,2.290657215189874,12,0.0,0.0,1.48812,0.6916041666666667,4,25.0,0.0,6.49439,2.36943,10,20.0,0.0,7.1351,1.675903,26,23.076923076923077,15.384615384615385,7.43458,1.485882692307693,1,0.0,0.0,0.79014,0.79014,49,10.204081632653061,8.16326530612245,5.5374,0.8335712244897956,7,14.285714285714285,14.285714285714285,2.2696699999999996,0.6399471428571427,30,3.3333333333333335,0.0,3.9927200000000003,0.665583,84,7.142857142857142,4.761904761904762,2.8648,0.7377914285714287,70,1.4285714285714286,1.4285714285714286,2.14351,0.7978792857142857
