9-10_num,9-10_plong,9-10_pslong,9-10_max,9-10_avg,10-11_num,10-11_plong,10-11_pslong,10-11_max,10-11_avg,11-12_num,11-12_plong,11-12_pslong,11-12_max,11-12_avg,12-13_num,12-13_plong,12-13_pslong,12-13_max,12-13_avg,13-14_num,13-14_plong,13-14_pslong,13-14_max,13-14_avg,14-15_num,14-15_plong,14-15_pslong,14-15_max,14-15_avg,15-16_num,15-16_plong,15-16_pslong,15-16_max,15-16_avg,16-17_num,16-17_plong,16-17_pslong,16-17_max,16-17_avg,17-18_num,17-18_plong,17-18_pslong,17-18_max,17-18_avg,18-19_num,18-19_plong,18-19_pslong,18-19_max,18-19_avg,19-20_num,19-20_plong,19-20_pslong,19-20_max,19-20_avg
74,32.432432432432435,12.162162162162163,12.370510000000001,2.199947837837838,12,0.0,0.0,1.4953,0.6931833333333334,4,25.0,0.0,6.5633799999999995,2.4118925,10,20.0,0.0,7.13845,1.678717,27,22.22222222222222,14.814814814814813,7.435040000000001,1.4342337037037036,0,0,0,0,0,50,10.0,8.0,5.542400000000001,0.8165986000000001,7,14.285714285714285,14.285714285714285,2.26938,0.6402471428571428,32,9.375,3.125,3.99606,0.8055815625,83,6.024096385542169,4.819277108433735,3.2666099999999996,0.6841396385542168,72,1.3888888888888888,1.3888888888888888,2.04688,0.7811656944444442
