9-10_num,9-10_plong,9-10_pslong,9-10_max,9-10_avg,10-11_num,10-11_plong,10-11_pslong,10-11_max,10-11_avg,11-12_num,11-12_plong,11-12_pslong,11-12_max,11-12_avg,12-13_num,12-13_plong,12-13_pslong,12-13_max,12-13_avg,13-14_num,13-14_plong,13-14_pslong,13-14_max,13-14_avg,14-15_num,14-15_plong,14-15_pslong,14-15_max,14-15_avg,15-16_num,15-16_plong,15-16_pslong,15-16_max,15-16_avg,16-17_num,16-17_plong,16-17_pslong,16-17_max,16-17_avg,17-18_num,17-18_plong,17-18_pslong,17-18_max,17-18_avg,18-19_num,18-19_plong,18-19_pslong,18-19_max,18-19_avg,19-20_num,19-20_plong,19-20_pslong,19-20_max,19-20_avg
73,63.013698630136986,9.58904109589041,12.371350000000001,2.197144520547945,12,16.666666666666664,0.0,1.48822,0.6911416666666667,4,50.0,0.0,6.492170000000001,2.3664400000000003,10,30.0,0.0,7.13564,1.6773310000000001,27,33.33333333333333,11.11111111111111,7.39256,1.4323762962962963,0,0,0,0,0,50,18.0,10.0,5.53822,0.8155941999999999,7,14.285714285714285,14.285714285714285,2.2662500000000003,0.6393085714285714,32,18.75,6.25,3.99526,0.8045056250000001,84,21.428571428571427,7.142857142857142,3.2753099999999997,0.6869563095238095,71,30.985915492957744,16.901408450704224,2.0467899999999997,0.7808966197183098
