9-10_num,9-10_plong,9-10_pslong,9-10_max,9-10_avg,10-11_num,10-11_plong,10-11_pslong,10-11_max,10-11_avg,11-12_num,11-12_plong,11-12_pslong,11-12_max,11-12_avg,12-13_num,12-13_plong,12-13_pslong,12-13_max,12-13_avg,13-14_num,13-14_plong,13-14_pslong,13-14_max,13-14_avg,14-15_num,14-15_plong,14-15_pslong,14-15_max,14-15_avg,15-16_num,15-16_plong,15-16_pslong,15-16_max,15-16_avg,16-17_num,16-17_plong,16-17_pslong,16-17_max,16-17_avg,17-18_num,17-18_plong,17-18_pslong,17-18_max,17-18_avg,18-19_num,18-19_plong,18-19_pslong,18-19_max,18-19_avg,19-20_num,19-20_plong,19-20_pslong,19-20_max,19-20_avg
76,60.526315789473685,5.263157894736842,12.38743,2.243097236842105,11,0.0,0.0,0.95967,0.5896527272727273,4,50.0,0.0,6.49506,2.3700875,12,41.66666666666667,8.333333333333332,7.14034,1.7645675,26,30.76923076923077,7.6923076923076925,7.40141,1.392080384615385,0,0,0,0,0,51,17.647058823529413,9.803921568627452,5.52399,0.8135727450980393,7,14.285714285714285,14.285714285714285,2.26821,0.6400928571428571,32,18.75,9.375,3.99473,0.757905,85,24.705882352941178,8.235294117647058,3.06192,0.730057294117647,68,29.411764705882355,16.176470588235293,1.9543400000000002,0.7516338235294118
