9-10_num,9-10_plong,9-10_pslong,9-10_max,9-10_avg,10-11_num,10-11_plong,10-11_pslong,10-11_max,10-11_avg,11-12_num,11-12_plong,11-12_pslong,11-12_max,11-12_avg,12-13_num,12-13_plong,12-13_pslong,12-13_max,12-13_avg,13-14_num,13-14_plong,13-14_pslong,13-14_max,13-14_avg,14-15_num,14-15_plong,14-15_pslong,14-15_max,14-15_avg,15-16_num,15-16_plong,15-16_pslong,15-16_max,15-16_avg,16-17_num,16-17_plong,16-17_pslong,16-17_max,16-17_avg,17-18_num,17-18_plong,17-18_pslong,17-18_max,17-18_avg,18-19_num,18-19_plong,18-19_pslong,18-19_max,18-19_avg,19-20_num,19-20_plong,19-20_pslong,19-20_max,19-20_avg
78,61.53846153846154,5.128205128205128,12.38995,2.260327179487179,11,0.0,0.0,0.9601000000000001,0.5907381818181818,4,75.0,0.0,6.59481,2.4198475,12,41.66666666666667,8.333333333333332,7.13589,1.7594383333333337,26,30.76923076923077,7.6923076923076925,7.434880000000001,1.3893707692307695,0,0,0,0,0,51,17.647058823529413,9.803921568627452,5.52377,0.81325431372549,7,14.285714285714285,14.285714285714285,2.26871,0.6403,31,16.129032258064516,6.451612903225806,3.99453,0.7455677419354839,84,25.0,9.523809523809524,3.05578,0.7261947619047622,70,30.0,14.285714285714285,1.95287,0.7555471428571431
